CALL_CTR_ID,CENTER_NAME,REGION_ID,MANAGER_ID,COUNTRY_ID,DIST_CTR_ID
1,Atlanta,3,8,1,10
2,San Diego,7,16,1,4
3,Berlin,10,5,5,1
4,San Francisco,6,14,1,11
5,"Washington, DC",2,6,1,3
6,Salt Lake City,7,17,1,9
7,Miami,3,7,1,5
8,Milwaukee,4,9,1,16
9,New Orleans,5,13,1,12
10,Seattle,6,15,1,2
11,Boston,1,1,1,6
12,New York,1,2,1,8
13,London,8,3,3,1
14,Fargo,4,10,1,14
15,Memphis,5,11,1,13
16,Paris,9,12,4,1
17,Charleston,2,4,1,15
18,Web,12,18,7,1
